Workbook

Sheet 2017
C2: 1% Regulatory Fee Invoices issued against receipts
B3: 2017
C4: PERIOD | D4: OPERATOR | E4: INVOICE ISSUED (GHS) | F4: PAYMENT RECEIVED (GHS)
C5: Q1 | D5: MTN
C6: Q2
C7: Q3
C8: Q4 | F8: 7573837.2
C9: SUM | E9: =SUM(E5:E8) -> 0 | F9: =SUM(F5:F8) -> 7573837.2
C10: Q1 | D10: TELECEL | F10: 217123
C11: Q2
C12: Q3
C13: Q4 | F13: 2248021.1
C14: SUM | E14: =SUM(E10:E13) -> 0 | F14: =SUM(F10:F13) -> 2465144.1
C15: Q1 | D15: AT
C16: Q2
C17: Q3
C18: Q4 | F18: 1982692.9
C19: SUM | E19: =SUM(E15:E18) -> 0 | F19: =SUM(F15:F18) -> 1982692.9
C20: YEAR TOTAL | E20: =SUM(E9+E14+E19) -> 0 | F20: =SUM(F9+F14+F19) -> 12021674

Sheet 2018
C2: 1% Regulatory Fee Invoices issued against receipts
C4: 2018
C5: PERIOD | D5: OPERATOR | E5: INVOICE ISSUED (GHS) | F5: PAYMENT RECEIVED (GHS)
C6: Q1 | D6: MTN | F6: 7846936.4
C7: Q2 | F7: 8280963.5
C8: Q3 | F8: 7832679.4
C9: Q4 | F9: 8998795.4
C10: SUM | E10: =SUM(E6:E9) -> 0 | F10: =SUM(F6:F9) -> 32959375
C11: Q1 | D11: TELECEL | F11: 2200658.4
C12: Q2 | F12: 2290842.1
C13: Q3
C14: Q4 | F14: 2341351.5
C15: SUM | E15: =SUM(E11:E14) -> 0 | F15: =SUM(F11:F14) -> 6832852
C16: Q1 | D16: AT | F16: 1951912.2
C17: Q2 | F17: 2594448.7
C18: Q3 | F18: 1000624.1
C19: Q4 | F19: 1387730.3
C20: SUM | E20: =SUM(E16:E19) -> 0 | F20: =SUM(F16:F19) -> 6934715.2
C21: YEAR TOTAL | E21: =SUM(E10+E15+E20) -> 0 | F21: =SUM(F10+F15+F20) -> 46726942

Sheet 2019
C2: 1% Regulatory Fee Invoices issued against receipts
C4: 2019
C5: PERIOD | D5: OPERATOR | E5: INVOICE ISSUED (GHS) | F5: PAYMENT RECEIVED (GHS)
C6: Q1 | D6: MTN | F6: 9422138.7
C7: Q2 | F7: 9722463.1
C8: Q3 | F8: 10345025
C9: Q4 | F9: 10927092
C10: SUM | E10: =SUM(E6:E9) -> 0 | F10: =SUM(F6:F9) -> 40416719
C11: Q1 | D11: TELECEL | F11: 2484529.6
C12: Q2 | F12: 2214299.8
C13: Q3 | F13: 2116004.5
C14: Q4 | F14: 2035209.8
C15: SUM | E15: =SUM(E11:E14) -> 0 | F15: =SUM(F11:F14) -> 8850043.7
C16: Q1 | D16: AT
C17: Q2 | F17: 1580495.9
C18: Q3 | F18: 1511944.8
C19: Q4 | F19: 1539484.8
C20: SUM | E20: =SUM(E16:E19) -> 0 | F20: =SUM(F16:F19) -> 4631925.5
C21: YEAR TOTAL | E21: =SUM(E10+E15+E20) -> 0 | F21: =SUM(F10+F15+F20) -> 53898688

Sheet 2020
C2: 1% Regulatory Fee Invoices issued against receipts
C4: 2020
C5: PERIOD | D5: OPERATOR | E5: INVOICE ISSUED (GHS) | F5: PAYMENT RECEIVED (GHS)
C6: Q1 | D6: MTN | F6: 11227003
C7: Q2 | F7: 11438496
C8: Q3 | F8: 11692883
C9: Q4 | F9: 11794390
C10: SUM | E10: =SUM(E6:E9) -> 0 | F10: =SUM(F6:F9) -> 46152772
C11: Q1 | D11: TELECEL | F11: 2159699.3
C12: Q2 | F12: 2018156.2
C13: Q3 | F13: 2102243.5
C14: Q4 | F14: 2275277.8
C15: SUM | E15: =SUM(E11:E14) -> 0 | F15: =SUM(F11:F14) -> 8555376.9
C16: Q1 | D16: AT | F16: 1699952.7
C17: Q2 | F17: 1471491.9
C18: Q3 | F18: 653898.4
C19: Q4 | F19: 2411752.9
C20: SUM | E20: =SUM(E16:E19) -> 0 | F20: =SUM(F16+F17+F18+F19) -> 6237096
C21: YEAR TOTAL | E21: =SUM(E10+E15+E20) -> 0 | F21: =SUM(F10+F15+F20) -> 60945245

Sheet 2021
C2: 1% Regulatory Fee Invoices issued against receipts
C4: 2021
C5: PERIOD | D5: OPERATOR | E5: INVOICE ISSUED (GHS) | F5: PAYMENT RECEIVED (GHS)
C6: Q1 | D6: MTN | F6: 13061512
C7: Q2 | F7: 14169518
C8: Q3 | F8: 14664615
C9: Q4 | F9: 16274441
C10: SUM | E10: =SUM(E6:E9) -> 0 | F10: =SUM(F6:F9) -> 58170086
C11: Q1 | D11: TELECEL | F11: 2328123.4
C12: Q2
C13: Q3 | F13: 2590178.6
C14: Q4
C15: SUM | E15: =SUM(E11:E14) -> 0 | F15: =SUM(F11:F14) -> 4918302
C16: Q1 | D16: AT | F16: 1512276
C17: Q2 | F17: 2525325.3
C18: Q3
C19: Q4
C20: SUM | F20: =SUM(F16+F17+F18+F19) -> 4037601.3
C21: YEAR TOTAL | E21: =SUM(E10+E15+E20) -> 0 | F21: =SUM(F10+F15+F20) -> 67125989

Sheet 2022
C2: 1% Regulatory Fee Invoices issued against receipts
C4: 2022
C5: PERIOD | D5: OPERATOR | E5: INVOICE ISSUED (GHS) | F5: PAYMENT RECEIVED (GHS)
C6: Q1 | D6: MTN | F6: 18220932
C7: Q2 | F7: 17828525
C8: Q3 | F8: 21038145
C9: Q4 | F9: 22081868
C10: SUM | E10: =SUM(E6:E9) -> 0 | F10: =SUM(F6:F9) -> 79169471
C11: Q1 | D11: TELECEL | E11: 13962470 | F11: 2720979.1
C12: Q2 | F12: 2799801.3
C13: Q3 | F13: 2876555.8
C14: Q4
C15: SUM | E15: =SUM(E11) -> 13962470 | F15: =SUM(F11:F14) -> 8397336.2
C16: Q1 | D16: AT
C17: Q2
C18: Q3
C19: Q4
C20: SUM | E20: =SUM(E16:E19) -> 0 | F20: =SUM(F16:F19) -> 0
C21: YEAR TOTAL | E21: =SUM(E10+E15+E20) -> 13962470 | F21: =SUM(F10+F15+F20) -> 87566807

Sheet 2023
C2: 1% Regulatory Fee Invoices issued against receipts
C4: 2023
C5: PERIOD | D5: OPERATOR | E5: INVOICE ISSUED (GHS) | F5: PAYMENT RECEIVED (GHS)
C6: Q1 | D6: MTN | F6: 22594141
C7: Q2 | F7: 25811411
C8: Q3 | F8: 28148797
C9: Q4 | F9: 27680565
C10: SUM | E10: =SUM(E6:E9) -> 0 | F10: =SUM(F6:F9) -> 1.0423491e+08
C11: Q1 | D11: TELECEL | E11: 15837770 | F11: 664321.25
C12: Q2 | F12: 4678500
C13: Q3 | F13: 4635000
C14: Q4 | F14: 5120325
C15: SUM | E15: =SUM(E11) -> 15837770 | F15: =SUM(F11:F14) -> 15098146
C16: Q1 | D16: AT
C17: Q2
C18: Q3
C19: Q4
C20: SUM | E20: =SUM(E16:E19) -> 0 | F20: =SUM(F16:F19) -> 0
C21: YEAR TOTAL | E21: =SUM(E10+E15+E20) -> 15837770 | F21: =SUM(F10+F15+F20) -> 1.1933306e+08

Sheet 2024
C2: 1% Regulatory Fee Invoices issued against receipts
C4: 2024
C5: PERIOD | D5: OPERATOR | E5: INVOICE ISSUED (GHS) | F5: PAYMENT RECEIVED (GHS)
C6: Q1 | D6: MTN | F6: 28828054
C7: Q2 | F7: 31156679
C8: Q3 | F8: 34233221
C9: Q4 | F9: 37431843
C10: SUM | E10: =SUM(E6:E9) -> 0 | F10: =SUM(F6:F9) -> 1.316498e+08
C11: Q1 | D11: TELECEL | F11: 5000000
C12: Q2 | F12: 5000000
C13: Q3 | F13: 7326345
C14: Q4
C15: SUM | E15: =SUM(E11:E14) -> 0 | F15: =SUM(F11:F14) -> 17326345
C16: Q1 | D16: AT
C17: Q2
C18: Q3
C19: Q4
C20: SUM | E20: =SUM(E16:E19) -> 0 | F20: =SUM(F16:F19) -> 0
C21: YEAR TOTAL | E21: =SUM(E10+E15+E20) -> 0 | F21: =SUM(F10+F15+F20) -> 1.4897614e+08

Sheet 2025
C2: 1% Regulatory Fee Invoices issued against receipts
C4: 2025
C5: PERIOD | D5: OPERATOR | E5: INVOICE ISSUED (GHS) | F5: PAYMENT RECEIVED (GHS)
C6: Q1 | D6: MTN | F6: 39649918
C7: Q2 | F7: 43774217
C8: Q3 | F8: 45891380
C9: Q4
C10: SUM | E10: =SUM(E6:E9) -> 0 | F10: =SUM(F6+F7+F8+F9) -> 1.2931551e+08
C11: Q1 | D11: TELECEL
C12: Q2
C13: Q3
C14: Q4
C15: SUM | E15: =SUM(E11:E14) -> 0
C16: Q1 | D16: AT
C17: Q2
C18: Q3
C19: Q4
C20: SUM | E20: =SUM(E16:E19) -> 0 | F20: =SUM(F16:F19) -> 0
C21: YEAR TOTAL | E21: =SUM(E10+E15+E20) -> 0 | F21: =SUM(F10+F15+F20) -> 1.2931551e+08

Sheet SUMMARY
A1: SUMMARY OF 1% REGULATORY FEES INVOICED AND RECEIVED FROM 2017 TO 2025
A2: OPERATOR | B2: TOTAL INVOICED | C2: TOTAL RECEIVED | D2: OUTSTANDING RECEIVABLES
A3: MTN | B3: =SUM('2017'!E9+'2018'!E10+'2019'!E10+'2020'!E10+'2021'!E10+'2022'!E10+'2023'!E10+'2024'!E10+'2025'!E10) -> 0 | C3: =SUM('2017'!F9+'2018'!F10+'2019'!F10+'2020'!F10+'2021'!F10+'2022'!F10+'2023'!F10+'2024'!F10+'2025'!F10) -> 6.2964249e+08 | D3: =B3-C3 -> -6.2964249e+08
A4: TELECEL | B4: =SUM('2017'!E14+'2018'!E15+'2019'!E15+'2020'!E15+'2021'!E15+'2022'!E15+'2023'!E15+'2024'!E15+'2025'!E15) -> 29800240 | C4: =SUM('2017'!F14+'2018'!F15+'2019'!F15+'2020'!F15+'2021'!F15+'2022'!F15+'2023'!F15+'2024'!F15+'2025'!F15) -> 72443546 | D4: =B4-C4 -> -42643306
A5: AT | B5: =SUM('2017'!E19+'2018'!E20+'2019'!E20+'2020'!E20+'2021'!E20+'2022'!E20+'2023'!E20+'2024'!E20+'2025'!E20) -> 0 | C5: =SUM('2017'!F19+'2018'!F20+'2019'!F20+'2020'!F20+'2021'!F20+'2022'!F20+'2023'!F20+'2024'!F20+'2025'!F20) -> 23824031 | D5: =B5-C5 -> -23824031
A6: GRAND TOTAL | B6: =SUM(B3+B4+B5) -> 29800240 | C6: =SUM(C3+C4+C5) -> 7.2591006e+08 | D6: =SUM(D3+D4+D5) -> -6.9610982e+08
