Workbook
Name _NewNewNnew: #REF!
Name CostPoolTotals: #REF!
Name ForecastYears: #N/A
Name HistoryYears: #N/A
Name LastComputedStamp: #REF!
Name New_Key1: "'[1]f&f'!#ref!"
Name New_New: #REF!
Name New_Sheet: #REF!
Name NewNew: #REF!
Name NewSh: #REF!
Name OLE_LINK1: 'Glance 1-Updated (Q1 2026)'!$B$25
Name SS_site_acquisition_fees_new_RBS_site: #REF!
Name year: [2]ModelSettings!$C$8
Name Year1_Capex: #REF!
Name Year1_Costs: #REF!
Name Year1_Depreciation: #REF!
Name Year1_Manpower: #REF!
Name Year1_Other: #REF!
Name Year10_Capex: #REF!
Name Year10_Costs: #REF!
Name Year10_Depreciation: #REF!
Name Year10_Manpower: #REF!
Name Year10_Other: #REF!
Name Year2_Capex: #REF!
Name Year2_Costs: #REF!
Name Year2_Depreciation: #REF!
Name Year2_Manpower: #REF!
Name Year2_Other: #REF!
Name Year3_Capex: #REF!
Name Year3_Costs: #REF!
Name Year3_Depreciation: #REF!
Name Year3_Manpower: #REF!
Name Year3_Other: #REF!
Name Year4_Capex: #REF!
Name Year4_Costs: #REF!
Name Year4_Depreciation: #REF!
Name Year4_Manpower: #REF!
Name Year4_Other: #REF!
Name Year5_Capex: #REF!
Name Year5_Costs: #REF!
Name Year5_Depreciation: #REF!
Name Year5_Manpower: #REF!
Name Year5_Other: #REF!
Name Year6_Capex: #REF!
Name Year6_Costs: #REF!
Name Year6_Depreciation: #REF!
Name Year6_Manpower: #REF!
Name Year6_Other: #REF!
Name Year7_Capex: #REF!
Name Year7_Costs: #REF!
Name Year7_Depreciation: #REF!
Name Year7_Manpower: #REF!
Name Year7_Other: #REF!
Name Year8_Capex: #REF!
Name Year8_Costs: #REF!
Name Year8_Depreciation: #REF!
Name Year8_Manpower: #REF!
Name Year8_Other: #REF!
Name Year9_Capex: #REF!
Name Year9_Costs: #REF!

Sheet Glance 1-Updated (Q1 2026)
B2: Indicator/Period | D2: Q4 2025 | E2: Q1 2026 | F2: Quarterly Variation
D3: (Oct – Dec) | E3: (Jan – Mar) | F3: (%)
B4: MOBILE NETWORK SERVICES
B5: Subscription to Mobile Voice Services | C5: Total Mobile Voice Subscriptions | D5: 42871955 | E5: 43500269 | F5: =E5/D5-1 -> 0.014655595
C6: Machine-to-Machine (M2M) Subscriptions | D6: 3542055 | E6: 3641157 | F6: =E6/D6-1 -> 0.027978673
B7: Mobile Data Subscriptions | C7: Total Mobile Data Subscriptions | D7: 28698390 | E7: 29727471 | F7: =E7/D7-1 -> 0.035858492
B8: Mobile Data Traffic | C8: Total Mobile Data Traffic (TB) | D8: 1101301 | E8: 1250099 | F8: =E8/D8-1 -> 0.13511111
B9: Mobile Phone Devices | C9: Basic Phones | D9: 9150523 | E9: 9734286.4 | F9: =E9/D9-1 -> 0.063795632
C10: Feature Phones | D10: 10585002 | E10: 11232048 | F10: =E10/D10-1 -> 0.061128604
C11: Smartphones | D11: 26873338 | E11: 28807453 | F11: =E11/D11-1 -> 0.071971528
B12: DOMESTIC MOBILE TRAFFIC
B13: Domestic Mobile Voice Traffic (Minutes) | C13: On-Net Voice Traffic | D13: 27216445349 | E13: 28037953212 | F13: =E13/D13-1 -> 0.030184245
C14: Off-Net Voice Traffic | D14: 2939422050 | E14: 3149608737 | F14: =E14/D14-1 -> 0.071506127
C15: Mobile to Mobile Off-Net Traffic | D15: 2926996893 | E15: 3138140521 | F15: =E15/D15-1 -> 0.072136608
C16: Mobile to Fixed Off-Net Traffic | D16: 12221485 | E16: 11468216 | F16: =E16/D16-1 -> -0.061634818
B17: Domestic Mobile SMS Traffic | C17: SMS On-Net | D17: 2871511540 | E17: 3081650562 | F17: =E17/D17-1 -> 0.073180629
C18: SMS Off-Net | D18: 799707735 | E18: 862081189 | F18: =E18/D18-1 -> 0.077995312
B19: INTERNATIONAL MOBILE TRAFFIC
B20: International Mobile Voice Traffic (Minutes) | C20: International Incoming Mobile Voice Traffic | D20: 34401459 | E20: 29121221 | F20: =E20/D20-1 -> -0.15348878
C21: International Outgoing Mobile Voice Traffic | D21: 76532386 | E21: 90126202 | F21: =E21/D21-1 -> 0.17762175
B22: International SMS Traffic | C22: International Incoming SMS | D22: 91506448 | E22: 84172618 | F22: =E22/D22-1 -> -0.0801455
C23: International Outgoing SMS | D23: 51960923 | E23: 57303794 | F23: =E23/D23-1 -> 0.10282479
B24: ROAMING TRAFFIC
B25: Out-bound Roaming Traffic | C25: Out-bound Roaming Voice Traffic (Minutes) | D25: 1952819.1 | E25: 1783634 | F25: =E25/D25-1 -> -0.086636317
B26: In-Bound Roaming Traffic | C26: In-bound Roaming Incoming Voice Traffic (Minutes) | D26: 3574 | E26: 3620 | F26: =E26/D26-1 -> 0.012870733
C27: In-bound Roaming Outgoing Voice Traffic (Minutes) | D27: 24797850 | E27: 24218212 | F27: =E27/D27-1 -> -0.023374544
C28: In-Bound Roaming Incoming SMS | D28: 182054705 | E28: 171484140 | F28: =E28/D28-1 -> -0.058062575
C29: In-bound Roaming Outgoing SMS | D29: 7805739 | E29: 7759809 | F29: =E29/D29-1 -> -0.0058841322

Sheet Glance 2 - Updated (Q1 2026)
B2: Indicator/Period | D2: Q4 2025 | E2: Q1 2026 | F2: Quarterly Variation
D3: (Oct – Dec) | E3: (Jan - Mar) | F3: (%)
B4: FIXED NETWORK SERVICES
B5: Fixed Voice Subscriptions | C5: Total Fixed Line Subscriptions | D5: 265236 | E5: 262221 | F5: =E5/D5-1 -> -0.011367235
B6: Domestic Fixed Voice Traffic (Minutes) | C6: Fixed-to-Mobile | D6: 6041489 | E6: 7221840 | F6: =E6/D6-1 -> 0.19537419
B7: Fixed Data and Broadband Subscriptions and Traffic | C7: Total Fixed Line Data Subscriptions | D7: 175458 | E7: 189091 | F7: =E7/D7-1 -> 0.077699506
C8: Fixed Broadband Subscriptions | D8: 261938 | E8: 273095 | F8: =E8/D8-1 -> 0.042594049
C9: Fixed Broadband Traffic (TB) | D9: 130209 | E9: 124961 | F9: =E9/D9-1 -> -0.040304434
B10: BROADCASTING SERVICES
B11: Authorised TV Stations | D11: 178 | E11: 176 | F11: =E11/D11-1 -> -0.011235955
B12: Operational TV Stations | D12: 132 | E12: 131 | F12: =E12/D12-1 -> -0.0075757576
B13: Licensed FM Stations | D13: 784 | E13: 787 | F13: =E13/D13-1 -> 0.0038265306
B14: Operational FM Stations | D14: 563 | E14: 563 | F14: =E14/D14-1 -> 0
B15: CATEGORIES OF AUTHORISED FM STATIONS
B16: Commercial FM Stations | D16: 565 | E16: 569 | F16: =E16/D16-1 -> 0.007079646
B17: Public FM Stations | D17: 31 | E17: 31 | F17: =E17/D17-1 -> 0
B18: Public (Foreign) FM Stations | D18: 5 | E18: 4 | F18: =E18/D18-1 -> -0.2
B19: Community FM Stations | D19: 159 | E19: 159 | F19: =E19/D19-1 -> 0
B20: Campus FM Stations | D20: 24 | E20: 24 | F20: =E20/D20-1 -> 0
B21: BROADBAND WIRELESS ACCESS SERVICES (BWAs)
B22: Broadband Wireless Access Subscriptions | D22: 1454 | E22: 1454 | F22: =E22/D22-1 -> 0
B23: Broadband Wireless Access Data Traffic (TB) | D23: 110.05 | E23: 69.04 | F23: =E23/D23-1 -> -0.3726488
B24: PENETRATION RATE (%)
B25: Mobile Voice Subscriptions | D25: 127.03 | E25: 128.26 | F25: =E25-D25 -> 1.23
B26: Mobile Data Subscriptions | D26: 85.03 | E26: 87.65 | F26: =E26-D26 -> 2.62
B27: Fixed Voice Subscriptions | D27: 0.79 | E27: 0.78 | F27: =E27-D27 -> -0.01
B28: Fixed Data Subscriptions | D28: 0.52 | E28: 0.6 | F28: =E28-D28 -> 0.08
B29: Broadband Wireless Access (BWA) Subscriptions | D29: 0.004 | E29: 0.004 | F29: =E29-D29 -> 0

Sheet Summary - MNOs
